<?xml version="1.0" encoding="UTF-8"?>
<!-- Produced by Beyond Compare 4 from Scooter Software -->
<BCSessions Version="1" MinVersion="1">
	<TSessionFolder>
		<Items>
			<TSessionFolder>
				<Items>
					<TTextCompareSession Value="Skill_01.lua">
						<LastModified Value="2026-01-20 14:37:28"/>
						<Specs>
							<Left Value="C:\Users\NPC-ThinkBK002\Desktop\kof_XIII_lua_edit\1_editTool\3_PLAINTEXT\multi\Skill_01.lua"/>
							<Right Value="C:\Users\NPC-ThinkBK002\Desktop\kof_XIII_lua_edit\1_editTool\3_PLAINTEXT\single\Skill_01.lua"/>
						</Specs>
					</TTextCompareSession>
					<TTextCompareSession Value="command_table.lua">
						<LastModified Value="2026-01-20 14:37:22"/>
						<Specs>
							<Left Value="C:\Users\NPC-ThinkBK002\Desktop\kof_XIII_lua_edit\1_editTool\3_PLAINTEXT\multi\command_table.lua"/>
							<Right Value="C:\Users\NPC-ThinkBK002\Desktop\kof_XIII_lua_edit\1_editTool\3_PLAINTEXT\single\command_table.lua"/>
						</Specs>
					</TTextCompareSession>
				</Items>
			</TSessionFolder>
		</Items>
	</TSessionFolder>
</BCSessions>
