<?xml version="1.0" encoding="UTF-8"?>
<!-- Produced by Beyond Compare 4 from Scooter Software -->
<BCState Version="1" MinVersion="1">
	<TBcState>
		<FirstStartup Value="False"/>
		<FormPositions>
			<TFileFormatManagerDialog Value="685;111;1874;1256;;144"/>
			<TProfileBrowseDialog Value="614;219;1456;1030"/>
			<TViewFrame Value="229;256;2677;1704;3;192"/>
		</FormPositions>
	</TBcState>
	<TDirCompareState>
		<LeftMRUSpecs>
			<_0 Value="E:\BW05\SVN3537\examples\ble_app_simple_server\src\SX1262"/>
		</LeftMRUSpecs>
		<LogHeight Value="0"/>
		<RightMRUSpecs>
			<_0 Value="C:\Users\sunchenye\Desktop\运动手表资料\lora\68LC\68LC\库函数"/>
			<_1 Value="C:\Users\sunchenye\Desktop\运动手表资料\lora\68LC\68LC"/>
		</RightMRUSpecs>
		<ShowToolbar Value="False"/>
	</TDirCompareState>
	<THomeState>
		<SessionType Value="TTextCompareSession"/>
	</THomeState>
	<TTextCompareState>
		<LeftMRUSpecs>
			<_0 Value="C:\Users\NPC-ThinkBK002\Desktop\kof_XIII_lua_edit\1_editTool\3_PLAINTEXT\multi\command_table.lua"/>
			<_1 Value="C:\Users\NPC-ThinkBK002\Desktop\kof_XIII_lua_edit\1_editTool\3_PLAINTEXT\multi\Skill_01.lua"/>
			<_2 Value="C:\Users\NPC-ThinkBK002\Desktop\kof_XIII_lua_edit\1_editTool\3_PLAINTEXT\reference\command_table.lua"/>
			<_3 Value="C:\Users\NPC-ThinkBK002\Desktop\kof_XIII_lua_edit\1_editTool\3_PLAINTEXT\reference\Skill_25.lua"/>
			<_4 Value="C:\Users\NPC-ThinkBK002\Desktop\kof_XIII_lua_edit\1_editTool\3_PLAINTEXT\reference\Skill_24.lua"/>
			<_5 Value="C:\Users\NPC-ThinkBK002\Desktop\kof_XIII_lua_edit\1_editTool\3_PLAINTEXT\reference\Skill_23.lua"/>
			<_6 Value="C:\Users\NPC-ThinkBK002\Desktop\kof_XIII_lua_edit\1_editTool\3_PLAINTEXT\reference\Skill_22.lua"/>
			<_7 Value="C:\Users\NPC-ThinkBK002\Desktop\kof_XIII_lua_edit\1_editTool\3_PLAINTEXT\reference\Skill_21.lua"/>
			<_8 Value="C:\Users\NPC-ThinkBK002\Desktop\kof_XIII_lua_edit\1_editTool\3_PLAINTEXT\reference\Skill_20.lua"/>
		</LeftMRUSpecs>
		<MRUFonts>
			<_0 Value="Consolas;10"/>
		</MRUFonts>
		<RightMRUSpecs>
			<_0 Value="C:\Users\NPC-ThinkBK002\Desktop\kof_XIII_lua_edit\1_editTool\3_PLAINTEXT\single\command_table.lua"/>
			<_1 Value="C:\Users\NPC-ThinkBK002\Desktop\kof_XIII_lua_edit\1_editTool\3_PLAINTEXT\single\Skill_01.lua"/>
			<_2 Value="C:\Users\NPC-ThinkBK002\Desktop\kof_XIII_lua_edit\1_editTool\3_PLAINTEXT\single\Skill_25.lua"/>
			<_3 Value="C:\Users\NPC-ThinkBK002\Desktop\kof_XIII_lua_edit\1_editTool\3_PLAINTEXT\single\Skill_24.lua"/>
			<_4 Value="C:\Users\NPC-ThinkBK002\Desktop\kof_XIII_lua_edit\1_editTool\3_PLAINTEXT\single\Skill_23.lua"/>
			<_5 Value="C:\Users\NPC-ThinkBK002\Desktop\kof_XIII_lua_edit\1_editTool\3_PLAINTEXT\single\Skill_22.lua"/>
			<_6 Value="C:\Users\NPC-ThinkBK002\Desktop\kof_XIII_lua_edit\1_editTool\3_PLAINTEXT\single\Skill_21.lua"/>
			<_7 Value="C:\Users\NPC-ThinkBK002\Desktop\kof_XIII_lua_edit\1_editTool\3_PLAINTEXT\single\Skill_20.lua"/>
			<_8 Value="C:\Users\NPC-ThinkBK002\Desktop\kof_XIII_lua_edit\1_editTool\3_PLAINTEXT\single\Skill_1f.lua"/>
		</RightMRUSpecs>
		<ShowItemNum Value="True"/>
	</TTextCompareState>
	<TTextFindState>
		<FindItems>
			<_0 Value="command_table_01"/>
			<_1 Value="[3]+"/>
			<_2 Value="Z+[2]"/>
			<_3 Value="command_table_24"/>
			<_4 Value="command_table_21"/>
			<_5 Value="[6]"/>
			<_6 Value="command_table_0f"/>
			<_7 Value="_01"/>
			<_8 Value="1,Z"/>
		</FindItems>
		<ReplaceItems>
			<_0 Value="&quot;b[5]f,"/>
			<_1 Value="^(Z)2[5]6,(PK)"/>
			<_2/>
			<_3 Value="&lt;689>,"/>
			<_4 Value="&lt;478>,"/>
			<_5 Value="3,"/>
			<_6 Value="2,"/>
			<_7 Value="1,"/>
			<_8 Value="4,"/>
		</ReplaceItems>
	</TTextFindState>
	<TTextMergeState>
		<LeftMRUSpecs>
			<_0 Value="C:\Users\NPC-ThinkBK002\Desktop\kof_XII_lua_edit\reference_material\originLua\command_table_01.lua"/>
		</LeftMRUSpecs>
		<MRUFonts>
			<_0 Value="Consolas;10"/>
		</MRUFonts>
		<OutputRatio Value="53"/>
		<RightMRUSpecs>
			<_0 Value="C:\Users\NPC-ThinkBK002\Desktop\aaa.lua"/>
		</RightMRUSpecs>
	</TTextMergeState>
</BCState>
